{
	"info": {
		"_postman_id": "71a973ec-fe9b-400c-b55d-fd007603f733",
		"name": "image pro api",
		"schema": "https://schema.getpostman.com/json/collection/v2.1.0/collection.json",
		"_exporter_id": "29633228"
	},
	"item": [
		{
			"name": "Predict",
			"request": {
				"method": "POST",
				"header": [],
				"body": {
					"mode": "raw",
					"raw": "{\n    \"image\": 1,\n    \"model\": 1\n}",
					"options": {
						"raw": {
							"language": "json"
						}
					}
				},
				"url": {
					"raw": "http://localhost:5000/api/predict",
					"protocol": "http",
					"host": [
						"localhost"
					],
					"port": "5000",
					"path": [
						"api",
						"predict"
					]
				}
			},
			"response": []
		},
		{
			"name": "get data",
			"request": {
				"method": "GET",
				"header": [],
				"url": {
					"raw": "http://localhost:5000/api/get-data",
					"protocol": "http",
					"host": [
						"localhost"
					],
					"port": "5000",
					"path": [
						"api",
						"get-data"
					]
				}
			},
			"response": []
		},
		{
			"name": "get image",
			"request": {
				"method": "GET",
				"header": [],
				"url": {
					"raw": "http://localhost:5000/images/test.jpg",
					"protocol": "http",
					"host": [
						"localhost"
					],
					"port": "5000",
					"path": [
						"images",
						"test.jpg"
					]
				}
			},
			"response": []
		}
	]
}